Sample_ID,Library_Prep_No,Ctrl,DNA_extraction_plate,Plate,Position,Fungal Conc,Bacterial Conc,unique_ITS_ID,ITS_forward,ITS_reverse,unique_16S_ID,16S_forward,16S_reverse,,ITS_forward_reversecomplement,ITS_reverse_reversecomplement,16S_forward_reversecomplement,16S_reverse_reversecomplement,,,,,,,,,,
DNA24_NegCtrl_1,S-0058,neg,DNA24,P1,B08,0.01968,-0.01624,LP2-ITS-0058,TCTACGGCACGT,GCCTGCAGTACT,LP2-16S-0058,TAATCGGTGCCA,TAGCGCGAACTT,,ACGTGCCGTAGA,AGTACTGCAGGC,TGGCACCGATTA,AAGTTCGCGCTA,,,,,,,,,,
DNA24_NegCtrl_2,S-0088,neg,DNA24,P1,H11,2.674231,0.02993,LP2-ITS-0088,TCAAGCAATACG,CGACGAGATTAT,LP2-16S-0088,ACGGTACCCTAC,GCGCACACCTTC,,CGTATTGCTTGA,ATAATCTCGTCG,GTAGGGTACCGT,GAAGGTGTGCGC,,,,,,,,,,
DNA24_PosCtrl_1,S-0036,pos,DNA24,P1,D05,4.563005,8.1814,LP2-ITS-0036,TCATACAGCCAG,CCGTGGACCAGG,LP2-16S-0036,AGGATCAGGGAA,GCAAAGGCCCGC,,CTGGCTGTATGA,CCTGGTCCACGG,TTCCCTGATCCT,GCGGGCCTTTGC,,,,,,,,,,
DNA24_PosCtrl_2,S-0094,pos,DNA24,P1,F12,10.499125,5.64732,LP2-ITS-0094,GTTCCATCGGCC,GCGACGCGGCAT,LP2-16S-0094,TTACTGTGGCCG,CTGCGGATATAC,,GGCCGATGGAAC,ATGCCGCGTCGC,CGGCCACAGTAA,GTATATCCGCAG,,,,,,,,,,
DNA24_PosCtrl_3,S-0096,pos,DNA24,P1,H12,12.921753,12.00635,LP2-ITS-0096,AGGGAGCTTCGG,CGACGAGATTAT,LP2-16S-0096,TGAGTCATTGAG,GCGCACACCTTC,,CCGAAGCTCCCT,ATAATCTCGTCG,CTCAATGACTCA,GAAGGTGTGCGC,,,,,,,,,,
DNA25_NegCtrl_1,S-0100,neg,DNA25,P2,D01,0.025811,0.08718,LP2-ITS-0100,GAGAATGGAAAG,TCGATAAGTAAG,LP2-16S-0100,TACGGATTATGG,CGAACGTCTATG,,CTTTCCATTCTC,CTTACTTATCGA,CCATAATCCGTA,CATAGACGTTCG,,,,,,,,,,
DNA25_NegCtrl_2,S-0181,neg,DNA25,P2,E11,0.02187,0.10662,LP2-ITS-0181,TTATACGTTGTA,CTGTACTTCTAA,LP2-16S-0181,GCGATCACACCT,AACGGGCGACGT,,TACAACGTATAA,TTAGAAGTACAG,AGGTGTGATCGC,ACGTCGCCCGTT,,,,,,,,,,
DNA25_NegCtrl_3,S-0184,neg,DNA25,P2,H11,4.503745,12.00296,LP2-ITS-0184,TCAAGCAATACG,GGTCTCCTACAG,LP2-16S-0184,ACGGTACCCTAC,CTCCCACTAGAG,,CGTATTGCTTGA,CTGTAGGAGACC,GTAGGGTACCGT,CTCTAGTGGGAG,,,,,,,,,,
DNA25_PosCtrl_1,S-0103,pos,DNA25,P2,G01,0.0119,0.06323,LP2-ITS-0103,TGACGAGGGCTG,TGGGACATATCC,LP2-16S-0103,GGTTCATGAACA,AGAGGAGTCGAC,,CAGCCCTCGTCA,GGATATGTCCCA,TGTTCATGAACC,GTCGACTCCTCT,,,,,,,,,,
DNA25_PosCtrl_2,S-0118,pos,DNA25,P2,F03,3.15531,1.62409,LP2-ITS-0118,ATTCGGTAGTGC,ATGCGCCCGTAT,LP2-16S-0118,TTACACAAAGGC,ATGCCGGTAATA,,GCACTACCGAAT,ATACGGGCGCAT,GCCTTTGTGTAA,TATTACCGGCAT,,,,,,,,,,
DNA25_PosCtrl_2,S-0192,pos,DNA25,P2,H12,9.685341,10.58935,LP2-ITS-0192,AGGGAGCTTCGG,GGTCTCCTACAG,LP2-16S-0192,TGAGTCATTGAG,CTCCCACTAGAG,,CCGAAGCTCCCT,CTGTAGGAGACC,CTCAATGACTCA,CTCTAGTGGGAG,,,,,,,,,,
DNA26_NegCtrl_1,S-0200,neg,DNA26,P3,H01,0.905315,0.46623,LP2-ITS-0200,GTGCGAGGACAA,CTCCTGTCCGGA,LP2-16S-0200,AATGGTTCAGCA,TCTTCGCAGCAG,,TTGTCCTCGCAC,TCCGGACAGGAG,TGCTGAACCATT,CTGCTGCGAAGA,,,,,,,,,,
DNA26_NegCtrl_2,S-0231,neg,DNA26,P3,G05,-0.007556,0.06909,LP2-ITS-0231,CACAATACACCG,GCAAGCTGTCTC,LP2-16S-0231,TATTTGATTGGT,ATCAAGATACGC,,CGGTGTATTGTG,GAGACAGCTTGC,ACCAATCAAATA,GCGTATCTTGAT,,,,,,,,,,
DNA26_NegCtrl_3,S-0260,neg,DNA26,P3,D09,0.048966,0.15132,LP2-ITS-0260,AGAAGGCCTTAT,AATCTCTATAAC,LP2-16S-0260,GTAGTAGACCAT,CAGTCCCTGCAC,,ATAAGGCCTTCT,GTTATAGAGATT,ATGGTCTACTAC,GTGCAGGGACTG,,,,,,,,,,
DNA26_PosCtrl_1,S-0219,pos,DNA26,P3,C04,18.244258,3.682,LP2-ITS-0219,GTTGACCATCGC,GAACTCGCTATG,LP2-16S-0219,AATGCGCGTATA,ATGTAGGCTTAG,,GCGATGGTCAAC,CATAGCGAGTTC,TATACGCGCATT,CTAAGCCTACAT,,,,,,,,,,
DNA26_PosCtrl_2,S-0253,pos,DNA26,P3,E08,5.715489,7.86206,LP2-ITS-0253,AGGACGCCAGCA,TAGGCATGCTTG,LP2-16S-0253,CCGGACAAGAAG,GCATTACTGGAC,,TGCTGGCGTCCT,CAAGCATGCCTA,CTTCTTGTCCGG,GTCCAGTAATGC,,,,,,,,,,
DNA26_PosCtrl_3,S-0278,pos,DNA26,P3,F11,11.765238,4.95393,LP2-ITS-0278,AATCTAACAATT,GCATCGTCTGGT,LP2-16S-0278,TGCACAGTCGCT,TACTGAGCCTCG,,AATTGTTAGATT,ACCAGACGATGC,AGCGACTGTGCA,CGAGGCTCAGTA,,,,,,,,,,
DNA27_NegCtrl_1,S-0315,neg,DNA27,P4,C04,1.43757,0.75724,LP2-ITS-0315,GTTGACCATCGC,GTCGGGCCGGTA,LP2-16S-0315,AATGCGCGTATA,GTCTCCTCCCTT,,GCGATGGTCAAC,TACCGGCCCGAC,TATACGCGCATT,AAGGGAGGAGAC,,,,,,,,,,
DNA27_NegCtrl_2,S-0319,neg,DNA27,P4,G04,0.036968,0.02071,LP2-ITS-0319,ACGGCCCTGGAG,CGTAAGATGCCT,LP2-16S-0319,GCTCGAAGATTC,GGTGCAGACAGA,,CTCCAGGGCCGT,AGGCATCTTACG,GAATCTTCGAGC,TCTGTCTGCACC,,,,,,,,,,
DNA27_NegCtrl_3,S-0357,neg,DNA27,P4,E09,0.574104,0.02036,LP2-ITS-0357,TTGGAACGGCTT,TTCACGCGCCCA,LP2-16S-0357,TTGCTGGACGCT,AATAGATGCTGA,,AAGCCGTTCCAA,TGGGCGCGTGAA,AGCGTCCAGCAA,TCAGCATCTATT,,,,,,,,,,
DNA27_PosCtrl_1,S-0310,pos,DNA27,P4,F03,6.701018,2.39233,LP2-ITS-0310,ATTCGGTAGTGC,GAGGCAAACGCC,LP2-16S-0310,TTACACAAAGGC,ATATTGGCAGCC,,GCACTACCGAAT,GGCGTTTGCCTC,GCCTTTGTGTAA,GGCTGCCAATAT,,,,,,,,,,
DNA27_PosCtrl_2,S-0340,pos,DNA27,P4,D07,3.262569,7.5537,LP2-ITS-0340,CGCGGCGCAGCT,TCGTCTGATATT,LP2-16S-0340,TATTGCAGCAGC,ATAAACGGACAT,,AGCTGCGCCGCG,AATATCAGACGA,GCTGCTGCAATA,ATGTCCGTTTAT,,,,,,,,,,
DNA27_PosCtrl_3,S-0351,pos,DNA27,P4,G08,5.221852,8.25609,LP2-ITS-0351,AGCACCGGTCTT,CGTAAGATGCCT,LP2-16S-0351,ACTCCCGTGTGA,GGTGCAGACAGA,,AAGACCGGTGCT,AGGCATCTTACG,TCACACGGGAGT,TCTGTCTGCACC,,,,,,,,,,
DNA28_NegCtrl_1,S-0608,neg,DNA28_Alm /DNA52_p3_evo,P7,H04,0.256926,0.05915,LP2-ITS-0608,CTGTAAAGGTTG,CCTGGTGTCCGT,LP2-16S-0608,GTGCCATAATCG,AATTAATATGTA,,CAACCTTTACAG,ACGGACACCAGG,CGATTATGGCAC,TACATATTAATT,,,,,,,,,,
DNA28_PosCtrl_1,S-0609,pos,DNA28_Alm /DNA52_p3_evo,P7,A05,6.739485,0.70342,LP2-ITS-0609,GAGAGGGATCAC,CATGTTGGAACA,LP2-16S-0609,TATGGTACCCAG,TCCGGCGGGCAA,,GTGATCCCTCTC,TGTTCCAACATG,CTGGGTACCATA,TTGCCCGCCGGA,,,,,,,,,,
DNA29_NegCtrl_1,S-0414,neg,DNA29,P5,F04,0.616311,0.32559,LP2-ITS-0414,CTTGAGAAATCG,GACTTGGTAAAC,LP2-16S-0414,ACGACGCATTTG,CTTAGGCATGTG,,CGATTTCTCAAG,GTTTACCAAGTC,CAAATGCGTCGT,CACATGCCTAAG,,,,,,,,,,
DNA29_NegCtrl_2,S-0442,neg,DNA29,P5,B08,0.332892,0.19751,LP2-ITS-0442,TCTACGGCACGT,AACTTCACTTCC,LP2-16S-0442,TAATCGGTGCCA,TGATTTAATTGC,,ACGTGCCGTAGA,GGAAGTGAAGTT,TGGCACCGATTA,GCAATTAAATCA,,,,,,,,,,
DNA29_NegCtrl_3,S-0472,neg,DNA29,P5,H11,0.00747,0.08721,LP2-ITS-0472,TCAAGCAATACG,CAATATTCAATA,LP2-16S-0472,ACGGTACCCTAC,CAAACTGCGTTG,,CGTATTGCTTGA,TATTGAATATTG,GTAGGGTACCGT,CAACGCAGTTTG,,,,,,,,,,
DNA29_PosCtrl_1,S-0403,pos,DNA29,P5,C03,5.895664,3.10319,LP2-ITS-0403,CAGTGTCATGAA,TCCGACCCGATC,LP2-16S-0403,TGATATCGTCTT,GTGCCGGCCGAC,,TTCATGACACTG,GATCGGGTCGGA,AAGACGATATCA,GTCGGCCGGCAC,,,,,,,,,,
DNA29_PosCtrl_2,S-0413,pos,DNA29,P5,E04,5.546841,1.08641,LP2-ITS-0413,ATGTATCAATTA,TAGGCGGTAGGC,LP2-16S-0413,TGAGACCCTACA,TATGGGTAGCTA,,TAATTGATACAT,GCCTACCGCCTA,TGTAGGGTCTCA,TAGCTACCCATA,,,,,,,,,,
DNA29_PosCtrl_3,S-0477,pos,DNA29,P5,E12,6.471303,2.48232,LP2-ITS-0477,GGTGTGAGAAAG,TAGGCGGTAGGC,LP2-16S-0477,CAAACGCACTAA,TATGGGTAGCTA,,CTTTCTCACACC,GCCTACCGCCTA,TTAGTGCGTTTG,TAGCTACCCATA,,,,,,,,,,
DNA30_NegCtrl_1,S-0501,neg,DNA30,P6,E03,0.365972,-0.05447,LP2-ITS-0501,TATCGTTATCGT,TCTTAAGATTTG,LP2-16S-0501,GTCAACGCTGTC,CGACACGGAGAA,,ACGATAACGATA,CAAATCTTAAGA,GACAGCGTTGAC,TTCTCCGTGTCG,,,,,,,,,,
DNA30_NegCtrl_2,S-0515,neg,DNA30,P6,C05,2.50808,1.19237,LP2-ITS-0515,AGACACCAATGT,CCGCATGACCTA,LP2-16S-0515,CTTGATTCTTGA,GGAGAACGACAC,,ACATTGGTGTCT,TAGGTCATGCGG,TCAAGAATCAAG,GTGTCGTTCTCC,,,,,,,,,,
DNA30_NegCtrl_3,S-0542,neg,DNA30,P6,F08,0.162383,0.03379,LP2-ITS-0542,GCTATATCCAGG,GCTTATTGCTTA,LP2-16S-0542,TAAATATACCCT,TCCACAGGGTTC,,CCTGGATATAGC,TAAGCAATAAGC,AGGGTATATTTA,GAACCCTGTGGA,,,,,,,,,,
DNA30_NegCtrl_4,S-0569,neg,DNA30,P6,A12,0.082007,-0.01627,LP2-ITS-0569,GGTAATAGAGTT,CACATATTGGGC,LP2-16S-0569,ATGCTGCAACAC,TAATCCATAATC,,AACTCTATTACC,GCCCAATATGTG,GTGTTGCAGCAT,GATTATGGATTA,,,,,,,,,,
DNA30_PosCtrl_1,S-0481,pos,DNA30,P6,A01,7.788826,7.69694,LP2-ITS-0481,CTACCGATTGCG,CACATATTGGGC,LP2-16S-0481,AGCCTTCGTCGC,TAATCCATAATC,,CGCAATCGGTAG,GCCCAATATGTG,GCGACGAAGGCT,GATTATGGATTA,,,,,,,,,,
DNA30_PosCtrl_2,S-0520,pos,DNA30,P6,H05,4.191118,0.9738,LP2-ITS-0520,GGCAGTGTTAAT,GCGGAGCACGTC,LP2-16S-0520,ACTCTTACTTAG,CCTACCATTGTT,,ATTAACACTGCC,GACGTGCTCCGC,CTAAGTAAGAGT,AACAATGGTAGG,,,,,,,,,,
DNA30_PosCtrl_3,S-0563,pos,DNA30,P6,C11,7.634919,10.14423,LP2-ITS-0563,AATATCGGGATC,CCGCATGACCTA,LP2-16S-0563,ATCTAGTGGCAA,GGAGAACGACAC,,GATCCCGATATT,TAGGTCATGCGG,TTGCCACTAGAT,GTGTCGTTCTCC,,,,,,,,,,
DNA30_PosCtrl_4,S-0572,pos,DNA30,P6,D12,2.532149,10.61258,LP2-ITS-0572,TAGGAGAGACAG,AGTCTTAAAGGA,LP2-16S-0572,TCTCTTTCGACA,CCTCCGTCATGG,,CTGTCTCTCCTA,TCCTTTAAGACT,TGTCGAAAGAGA,CCATGACGGAGG,,,,,,,,,,
ctrl positive p1,S-0756,pos,DNA50_p1_evo,P8,D11,8.123164,15.61033937,LP2-ITS-0756,GCGATGGCGATG,CCATAGGAGGCG,LP2-16S-0756,CTCGCCCTCGCC,AGATGTCCGTCA,,CATCGCCATCGC,CGCCTCCTATGG,GGCGAGGGCGAG,TGACGGACATCT,,,,,,,,,,
ctrl positive p2,S-0823,pos,DNA51_p2_evo,P9,G07,2.50937,10.15447509,LP2-ITS-0823,TGAAAGCGGCGA,AAGGTGGACAAG,LP2-16S-0823,CTATGTATTAGT,AGCGCGGCGAAT,,TCGCCGCTTTCA,CTTGTCCACCTT,ACTAATACATAG,ATTCGCCGCGCT,,,,,,,,,,
ctrl positive p3,S-0636,pos,DNA28_Alm /DNA52_p3_evo,P7,D08,2.731897,12.83715403,LP2-ITS-0636,ATGGATAGCTAA,GTCTGACGGTCT,LP2-16S-0636,TGATGTGCTAAG,CTGACACGAATA,,TTAGCTATCCAT,AGACCGTCAGAC,CTTAGCACATCA,TATTCGTGTCAG,,,,,,,,,,
ctrl positive p4,S-0880,pos,DNA46_p4_evo,P10,H02,11.660572,9.488718013,LP2-ITS-0880,CTTTGATAATAA,CTCAGGAGACTT,LP2-16S-0880,GAACCAGTACTC,TTAATGGATCGG,,TTATTATCAAAG,AAGTCTCCTGAG,GAGTACTGGTTC,CCGATCCATTAA,,,,,,,,,,
ctrl positive p5,S-0990,pos,DNA47_p5_evo,P11,F04,13.793098,#VALUE!,LP2-ITS-0990,CTTGAGAAATCG,AAGATTTGCAGC,LP2-16S-0990,ACGACGCATTTG,ATGTGCTGCTCG,,CGATTTCTCAAG,GCTGCAAATCTT,CAAATGCGTCGT,CGAGCAGCACAT,,,,,,,,,,
ctrl positive p6,S-1082,pos,DNA48_p6_evo/DNA45_p3_evo,P12,B04,6.314484,13.55905248,LP2-ITS-1082,TTGCGACAAAGT,GTGTAATGTAGA,LP2-16S-1082,GGTTGCCCTGTA,ATCGTAGTGGTC,,ACTTTGTCGCAA,TCTACATTACAC,TACAGGGCAACC,GACCACTACGAT,,,,,,,,,,
ctrl negative p1,S-0764,neg,DNA50_p1_evo,P8,D12,1.354353,5.317051373,LP2-ITS-0764,TAGGAGAGACAG,CCATAGGAGGCG,LP2-16S-0764,TCTCTTTCGACA,AGATGTCCGTCA,,CTGTCTCTCCTA,CGCCTCCTATGG,TGTCGAAAGAGA,TGACGGACATCT,,,,,,,,,,
ctrl negative p2,S-0824,neg,DNA51_p2_evo,P9,H07,-0.009623,-0.178985268,LP2-ITS-0824,TGGAATTCGGCT,GGAAGCTTAACT,LP2-16S-0824,CTTGGAGGCTTA,TAGCAGTTGCGT,,AGCCGAATTCCA,AGTTAAGCTTCC,TAAGCCTCCAAG,ACGCAACTGCTA,,,,,,,,,,
ctrl negative p3,S-0644,neg,DNA28_Alm /DNA52_p3_evo,P7,D09,0.048249,0.000672132,LP2-ITS-0644,AGAAGGCCTTAT,GTCTGACGGTCT,LP2-16S-0644,GTAGTAGACCAT,CTGACACGAATA,,ATAAGGCCTTCT,AGACCGTCAGAC,ATGGTCTACTAC,TATTCGTGTCAG,,,,,,,,,,
ctrl negative p4,S-0888,neg,DNA46_p4_evo,P10,H03,10.594807,0.028279095,LP2-ITS-0888,CATAAATTCTTG,CTCAGGAGACTT,LP2-16S-0888,CGCACCCATACA,TTAATGGATCGG,,CAAGAATTTATG,AAGTCTCCTGAG,TGTATGGGTGCG,CCGATCCATTAA,,,,,,,,,,
ctrl negative p5,S-0998,neg,DNA47_p5_evo,P11,F05,14.785793,12.12827585,LP2-ITS-0998,CGAGGGAAAGTC,AAGATTTGCAGC,LP2-16S-0998,TATCCAAGCGCA,ATGTGCTGCTCG,,GACTTTCCCTCG,GCTGCAAATCTT,TGCGCTTGGATA,CGAGCAGCACAT,,,,,,,,,,
ctrl negative p6,S-1083,neg,DNA48_p6_evo/DNA45_p3_evo,P12,C04,1.156325,1.110602819,LP2-ITS-1083,GTTGACCATCGC,TCTCCTAGGCGC,LP2-16S-1083,AATGCGCGTATA,ACTAAAGCAAAC,,GCGATGGTCAAC,GCGCCTAGGAGA,TATACGCGCATT,GTTTGCTTTAGT,,,,,,,,,,